id,title,description,thumbnailUrl,iframeUrl,controls,highlights,originalUrl,category
6c82ded251754899bace3d781d03d607,Princess Rescue Fruit Connect,Begin a fruity puzzle adventure. Princess Rescue Fruit Connect is a delightful match puzzle game where your mission is to rescue a beautiful princess by matching fruits and solving tricky levels. Connect two identical fruits to eliminate them. But notice clearing the board before time runs out. All while progressing to rescue the princess.,https://img.gamedistribution.com/6c82ded251754899bace3d781d03d607-200x120.jpg,https://html5.gamedistribution.com/6c82ded251754899bace3d781d03d607/,"Mouse click or tap to play
","['在这款刺激的Adventure游戏中挑战自己', '简单直观的控制方式', '逐渐增加难度的游戏玩法']",https://html5.gamedistribution.com/6c82ded251754899bace3d781d03d607/,Adventure
a35537b1106c4f4db08aa279b50d4f26,Ship Parking Game,Solve colorful passenger seating puzzles on ships in this unique traffic jam puzzle game. Help passengers find their seats based on color patterns while managing the flow of people through parking lot-style challenges. It's not just about parking - you're a traffic director managing passenger jams on the high seas.,https://img.gamedistribution.com/a35537b1106c4f4db08aa279b50d4f26-200x120.jpg,https://html5.gamedistribution.com/a35537b1106c4f4db08aa279b50d4f26/,Tap to move passengers to their color-matched seats on ships. Guide people through the parking area while avoiding traffic jams. Clear each level by getting all passengers to their correct colored seats efficiently.,"['在这款刺激的Puzzle游戏中挑战自己', '简单直观的控制方式', '逐渐增加难度的游戏玩法']",https://html5.gamedistribution.com/a35537b1106c4f4db08aa279b50d4f26/,Puzzle
b9bde9f7b60f44b6832384a50000dc72,Timewalker,"Time Walker: Survive – Embark on a thrilling journey through apocalyptic landscapes in this fast-paced 2D top-down survival game! As a Timewalker, battle relentless hordes of zombies across different eras, fighting for survival against increasingly intense waves of the undead.",https://img.gamedistribution.com/b9bde9f7b60f44b6832384a50000dc72-200x120.jpg,https://html5.gamedistribution.com/b9bde9f7b60f44b6832384a50000dc72/,"WASD = move
Move mouse = aim
Left-click = shoot
R = reload
Space = slow-mo","['在这款刺激的Shooter游戏中挑战自己', '简单直观的控制方式', '逐渐增加难度的游戏玩法']",https://html5.gamedistribution.com/b9bde9f7b60f44b6832384a50000dc72/,Shooter
bcbd1517d72f430a81c903116126cbfd,Archer Go,"Endless arrows, endless fun! Get ready for a thrilling endless game that will put your archery skills to the test. Travel through a fantastic landscape with your bow, aiming at targets along the way. Keep playing, earn points and unlock exciting customization options.
",https://img.gamedistribution.com/bcbd1517d72f430a81c903116126cbfd-200x120.jpg,https://html5.gamedistribution.com/bcbd1517d72f430a81c903116126cbfd/,"The game features simple and intuitive controls: tap, hold and release to shoot arrows. Your goal is to aim precisely and hit the target. As you play, you can unlock and customize different skins for your archer and targets. Keep shooting, challenge yourself and set new high scores!
","['在这款刺激的Casual游戏中挑战自己', '简单直观的控制方式', '逐渐增加难度的游戏玩法']",https://html5.gamedistribution.com/bcbd1517d72f430a81c903116126cbfd/,Casual
844af8aeeed242dda25645a09013ac8f,Ellie And Friends Art Bloom Aesthetic,"Ellie And Friends Art Bloom Aesthetic is all about exploring creativity through unique fashion and art! Dress them up in colorful outfits, mix and match funky accessories, and dive into the world of artistic expression. From painting and drawing to choosing the perfect look, this game lets you celebrate individuality and artistic flair with Ellie and her friends. Get ready to unleash your inner artist!",https://img.gamedistribution.com/844af8aeeed242dda25645a09013ac8f-200x120.jpg,https://html5.gamedistribution.com/844af8aeeed242dda25645a09013ac8f/,Left Mouse button click or Tap to play,"['在这款刺激的Dress-up游戏中挑战自己', '简单直观的控制方式', '逐渐增加难度的游戏玩法']",https://html5.gamedistribution.com/844af8aeeed242dda25645a09013ac8f/,Dress-up
2a19100d0eae469e8e61d8ee7697cb6c,Kingdom match,"Kingdom match is a competitive match-3 game with castle decoration options! Complete levels, compete with other players and build the best castle!",https://img.gamedistribution.com/2a19100d0eae469e8e61d8ee7697cb6c-200x120.jpg,https://html5.gamedistribution.com/2a19100d0eae469e8e61d8ee7697cb6c/,Collect objects of the same color in a row and complete tasks in the levels! Complete as many levels as possible to get ahead of other players!,"['在这款刺激的Match-3游戏中挑战自己', '简单直观的控制方式', '逐渐增加难度的游戏玩法']",https://html5.gamedistribution.com/2a19100d0eae469e8e61d8ee7697cb6c/,Match-3
698157ec8128471e91e2f32e4bc350ee,Catch The Goose,"Catch The Goose is a puzzle elimination mini-game. Players can tap identical items to automatically send them to the bottom slot - when three matching items gather, they get eliminated. When players successfully clear all items arranged in the grid, they get to ""catch"" a mischievous goose. Its addictive simplicity, stress-relieving design, and playful art style have made it a cultural phenomenon.",https://img.gamedistribution.com/698157ec8128471e91e2f32e4bc350ee-200x120.jpg,https://html5.gamedistribution.com/698157ec8128471e91e2f32e4bc350ee/,"1. Tap three identical items to eliminate them.
​2. Complete all eliminations to capture the goose.
​3. Use power-ups (e.g., Add Slot or Shuffle) for tricky levels.","['在这款刺激的Match-3游戏中挑战自己', '简单直观的控制方式', '逐渐增加难度的游戏玩法']",https://html5.gamedistribution.com/698157ec8128471e91e2f32e4bc350ee/,Match-3
fa525c7020fb4e848fb3b18a850fb773,Diamond mosaic,Ready to create your own masterpiece from a scattering of diamonds on your screen? Come to our mosaic!  Fill images with diamond scatter!,https://img.gamedistribution.com/fa525c7020fb4e848fb3b18a850fb773-200x120.jpg,https://html5.gamedistribution.com/fa525c7020fb4e848fb3b18a850fb773/,"Instructions:

1. Choose a picture that you like
2. With a pen, apply diamonds to the canvas, matching them to the desired numbers. Get shiny, brilliant images.

Controls:

On PC: click with the left mouse button
On mobile device: tap on the game elements on the touch screen.","['在这款刺激的Art游戏中挑战自己', '简单直观的控制方式', '逐渐增加难度的游戏玩法']",https://html5.gamedistribution.com/fa525c7020fb4e848fb3b18a850fb773/,Art
9ff20769f2ba48a895d377bd3b1cdbd0,Deep in the Lab - Chapter 1,"Deep in the Lab is 2D '90 style survival horror game, with old style pre-rendered backgrounds, puzzles to solve, keys to collect, monster to avoid or defeat (your choice), poor resources, jumpscares, limited saves, FMV and a five floors lab to explore.",https://img.gamedistribution.com/9ff20769f2ba48a895d377bd3b1cdbd0-200x120.jpg,https://html5.gamedistribution.com/9ff20769f2ba48a895d377bd3b1cdbd0/,"AD Move left and right
P : Open/Close Menu
M : Open Map
ESC: Options Menu / Skip Video
E: Interact / Use / Open Door
CTRL: Draw / Undraw Weapon
Left Click: Attack/Shoot
Right Click: Roll ","['在这款刺激的Adventure游戏中挑战自己', '简单直观的控制方式', '逐渐增加难度的游戏玩法']",https://html5.gamedistribution.com/9ff20769f2ba48a895d377bd3b1cdbd0/,Adventure
597826c7d8aa45bfba877cc4c05a4d5c,Flight Sim Air Traffic control,"Flight Sim is a game where you have to guide aircraft to their landing zones, keep the skies safe to complete the levels to get high score.",https://img.gamedistribution.com/597826c7d8aa45bfba877cc4c05a4d5c-200x120.jpeg,https://html5.gamedistribution.com/597826c7d8aa45bfba877cc4c05a4d5c/,"How To Play:
Guide planes and helicopters in to runway by drawing the paths
Don’t crash and complete the level to get high score","['在这款刺激的Puzzle游戏中挑战自己', '简单直观的控制方式', '逐渐增加难度的游戏玩法']",https://html5.gamedistribution.com/597826c7d8aa45bfba877cc4c05a4d5c/,Puzzle
9bb23e5f7308446b9f99d2d17403a0cc,Pet Tile Master,"Enjoy a fun pet-themed tile-matching challenge in Pet Tile Master! Draw up to 9 tiles featuring adorable pets and match three identical ones to clear them. Be careful—if the stack fills up with 9 tiles, the game is over! Use smart moves to uncover hidden tiles and complete each level. Have fun with cute animals, relaxing gameplay, and tricky puzzles!",https://img.gamedistribution.com/9bb23e5f7308446b9f99d2d17403a0cc-200x120.jpg,https://html5.gamedistribution.com/9bb23e5f7308446b9f99d2d17403a0cc/,"Tap or click to pick a tile and place it in the stack. Match three identical tiles to clear them—if the stack reaches 9 tiles, the game is over!","['在这款刺激的Mahjong & Connect游戏中挑战自己', '简单直观的控制方式', '逐渐增加难度的游戏玩法']",https://html5.gamedistribution.com/9bb23e5f7308446b9f99d2d17403a0cc/,Mahjong & Connect
ad3a92e5a9ee48e0914a056c037db7ba,Downhill Car Ride: Crash Test,"Put on a real destructive show!

Forget about safety, in this game you need to check how strong the dummy is. At your disposal is a huge pile of dummies, an abandoned town, an incredibly huge arsenal and complete freedom of action! In this game you can check what will happen if you crash a motorcycle at full speed into a house with dynamite or what will happen if you jump out of the car a second before the accident!",https://img.gamedistribution.com/ad3a92e5a9ee48e0914a056c037db7ba-200x120.jpg,https://html5.gamedistribution.com/ad3a92e5a9ee48e0914a056c037db7ba/,"The entire location is filled with destructible objects, try to demolish as many buildings, trees, poles and other things as possible to earn more money.

Controls:

PC - to speed up, you need to quickly press the left mouse button on the playing area. To exit the car or jump, press the left mouse button on the corresponding icon.

Mobile - to speed up, you need to quickly press your finger on the playing area. To exit the car or jump, press your finger on the corresponding icon.","['在这款刺激的Racing & Driving游戏中挑战自己', '简单直观的控制方式', '逐渐增加难度的游戏玩法']",https://html5.gamedistribution.com/ad3a92e5a9ee48e0914a056c037db7ba/,Racing & Driving
206682eb20b54d449e1ceed2bdec1389,Kingdom Cats,"Become friends with the King of Cats and build a whole kingdom together! Dive into a colorful, exciting world where you can fully demonstrate your creativity!",https://img.gamedistribution.com/206682eb20b54d449e1ceed2bdec1389-200x120.jpg,https://html5.gamedistribution.com/206682eb20b54d449e1ceed2bdec1389/,"Your main task: Build a Kingdom!
Tap the screen to make your residents build the city!
Make improvements at every opportunity to speed up development!

Make sweet waffles for workers so they mine more stones!
Send builders to the mine to mine valuable ore!
Process the mined stones and get jewelry from them!
Pack all the loot into chests and send them for sale!
Sell the loot as expensively as possible!
Build new buildings and call new residents to get rich!","['在这款刺激的Casual游戏中挑战自己', '简单直观的控制方式', '逐渐增加难度的游戏玩法']",https://html5.gamedistribution.com/206682eb20b54d449e1ceed2bdec1389/,Casual
761169e0288b433f8f8ddcd27da627e5,Graduation Makeup Trends,"Discover the latest makeup trends with our Graduation Makeup Trends game! From bold and fierce to soft and elegant, this game offers a variety of makeup options to suit your style. We bring 3 BFFs, each with a unique style, many makeup options, stunning dresses, and accessories for your inspiration. Mixed with floral printed dresses, golden jewelry, and holographic accessories, in the Graduation Makeup Trends game, you will find everything you need to help these girls make a statement. ",https://img.gamedistribution.com/761169e0288b433f8f8ddcd27da627e5-200x120.jpg,https://html5.gamedistribution.com/761169e0288b433f8f8ddcd27da627e5/,Use your mouse to play this game.,"['在这款刺激的Dress-up游戏中挑战自己', '简单直观的控制方式', '逐渐增加难度的游戏玩法']",https://html5.gamedistribution.com/761169e0288b433f8f8ddcd27da627e5/,Dress-up
afe7120d0fc64627903ecb9eda436956,Build A Queen 2025,"In Build a Queen 2025, you will embark on a fun journey to become a real queen. You will need to make your way through different platform levels with your opponents. Choose outfits, skin colors, and more according to your goals. Dress up in the most glamorous queen look, meet the prince, and win. You can collect money to unlock more dance steps.",https://img.gamedistribution.com/afe7120d0fc64627903ecb9eda436956-200x120.jpg,https://html5.gamedistribution.com/afe7120d0fc64627903ecb9eda436956/,"Mouse click or tap to play
","['在这款刺激的Casual游戏中挑战自己', '简单直观的控制方式', '逐渐增加难度的游戏玩法']",https://html5.gamedistribution.com/afe7120d0fc64627903ecb9eda436956/,Casual
904bc37384d64d90bd310319fee5d0db,Happy Blocks,"Happy Blocks - Fun Puzzle Game for Everyone!

? Dive into the colorful world of Happy Blocks!
Arrange and clear the blocks smartly to conquer challenging levels.
Tap, move, and stack your way to the highest score!
Can you solve them all?

",https://img.gamedistribution.com/904bc37384d64d90bd310319fee5d0db-200x120.jpg,https://html5.gamedistribution.com/904bc37384d64d90bd310319fee5d0db/,Drag to move,"['在这款刺激的Puzzle游戏中挑战自己', '简单直观的控制方式', '逐渐增加难度的游戏玩法']",https://html5.gamedistribution.com/904bc37384d64d90bd310319fee5d0db/,Puzzle
abfc6a4196ec42ecb69493eec9a229f9,Ping Pong Battle Table Tennis,"Want to have an intense table tennis battle? In Ping Pong Battle - Table Tennis, you will become a ping pong pro and compete with your opponents in a fierce competition! This game combines realistic paddle manipulation with exciting match simulation.",https://img.gamedistribution.com/abfc6a4196ec42ecb69493eec9a229f9-200x120.jpg,https://html5.gamedistribution.com/abfc6a4196ec42ecb69493eec9a229f9/,"Mouse click or tap to play
","['在这款刺激的Sports游戏中挑战自己', '简单直观的控制方式', '逐渐增加难度的游戏玩法']",https://html5.gamedistribution.com/abfc6a4196ec42ecb69493eec9a229f9/,Sports
72819ef0b4404b5a8d9bd4530f34938a,Serious Head,"Prepare to defend yourself. Purchase defensive structures, recharge your energy and fight off waves of monsters. Kill bosses and upgrade weapons. Complete the final day and close the portals!",https://img.gamedistribution.com/72819ef0b4404b5a8d9bd4530f34938a-200x120.jpg,https://html5.gamedistribution.com/72819ef0b4404b5a8d9bd4530f34938a/,"WASD = move
Left mouse button = shoot
Right mouse button = iron sight
Mouse wheel or 1-6 = change weapons
Space = jump","['在这款刺激的Shooter游戏中挑战自己', '简单直观的控制方式', '逐渐增加难度的游戏玩法']",https://html5.gamedistribution.com/72819ef0b4404b5a8d9bd4530f34938a/,Shooter
a7c0a9b6245c4726ae5f841e32586ea9,Cooking Stories: Fun cafe game,"Become the host of the popular transformation cooking show — Cooking Stories! You are not just a chef, you are a culinary genius, a style master, and an interior designer. Participants come to you at their most desperate moment: they urgently need help — and only you can change and save their lives!

But that’s not all...  
Take a peek behind the scenes of the TV show: intrigue, emotions, unexpected twists — all this in the game Cooking Stories!",https://img.gamedistribution.com/a7c0a9b6245c4726ae5f841e32586ea9-200x120.jpg,https://html5.gamedistribution.com/a7c0a9b6245c4726ae5f841e32586ea9/,"With each new character, you will acquire a café or restaurant and their house or apartment, which will require your management and culinary skills. Manage the character and serve guests in a timely manner! Transform the appearance of each character and their home!

Choose trendy makeup.
Determine the appropriate style. 
Organize a stylish interior. ","['在这款刺激的Casual游戏中挑战自己', '简单直观的控制方式', '逐渐增加难度的游戏玩法']",https://html5.gamedistribution.com/a7c0a9b6245c4726ae5f841e32586ea9/,Casual
392a2a937de749e3afeb31cbbca053d6,Geometry Wave Hero,"Geometry Wave Hero is an exciting rhythm-based game that takes players on a thrilling journey through a vibrant color world. This game offers a unique twist on the classic Geometry Dash formula, focusing exclusively on the wave game mode. Players must navigate their wave through a series of challenging obstacles, using simple one-touch mechanics to control its movement.
",https://img.gamedistribution.com/392a2a937de749e3afeb31cbbca053d6-200x120.jpg,https://html5.gamedistribution.com/392a2a937de749e3afeb31cbbca053d6/,"The game features ten increasingly difficult levels, each accompanied by its own unique rhythm music that adds to the immersive experience.

Easy to understand;
Nice and addictive gameplay;
Rythm platform adventure;
Awesome HD Graphics;
Challenging levels ,

Use the mouse or touch to play","['在这款刺激的Adventure游戏中挑战自己', '简单直观的控制方式', '逐渐增加难度的游戏玩法']",https://html5.gamedistribution.com/392a2a937de749e3afeb31cbbca053d6/,Adventure
96ab76bfdfbd472aad509cc7b278d8ce,Fly Fly Fly,"Fly Fly Fly is a Flappy Bird alike game, where you have to fly through 30 different levels, avoiding obstacles an collecting berries. 
If you hit the ground it will be game over, if you crash on one of the earth worms around the level, you will lose a life. If you lost all your lives, it's game over. You can restore your health collecting the berries you will find around the level. Do your best and beat all the 30 levels and show the world what you really are!    ",https://img.gamedistribution.com/96ab76bfdfbd472aad509cc7b278d8ce-200x120.jpg,https://html5.gamedistribution.com/96ab76bfdfbd472aad509cc7b278d8ce/,Tap or Click to fly,"['在这款刺激的Casual游戏中挑战自己', '简单直观的控制方式', '逐渐增加难度的游戏玩法']",https://html5.gamedistribution.com/96ab76bfdfbd472aad509cc7b278d8ce/,Casual
a05999d05dec449887e6a7144545665d,Stick Hero Fight,"Enter the most nervous stickman battles. In Stick Hero Fight, you as a mighty stickman hero. Fight through waves of enemies using incredible battle skills. This action game lets you upgrade your hero and unleash devastating attacks to dominate every fight! Use punches, weapons, and powerful skills to deliver deadly attacks.",https://img.gamedistribution.com/a05999d05dec449887e6a7144545665d-200x120.jpg,https://html5.gamedistribution.com/a05999d05dec449887e6a7144545665d/,"Mouse click or tap to play
","['在这款刺激的Battle游戏中挑战自己', '简单直观的控制方式', '逐渐增加难度的游戏玩法']",https://html5.gamedistribution.com/a05999d05dec449887e6a7144545665d/,Battle
344e3b84ab7844a5a590a72c7b596c45,Rotate Rings - Circle Puzzle,"Rotate Rings - Circle Puzzle: Twist Your Mind!
Welcome to Rotate Rings, the ultimate circle puzzle challenge!
Your mission is simple: rotate the rings to align the colors or images correctly.
As you progress, the puzzles get trickier, testing your strategy and problem-solving skills.",https://img.gamedistribution.com/344e3b84ab7844a5a590a72c7b596c45-200x120.jpg,https://html5.gamedistribution.com/344e3b84ab7844a5a590a72c7b596c45/,Drag to rotation,"['在这款刺激的Puzzle游戏中挑战自己', '简单直观的控制方式', '逐渐增加难度的游戏玩法']",https://html5.gamedistribution.com/344e3b84ab7844a5a590a72c7b596c45/,Puzzle
fc3ce1599d374f1f9c9586a1fdfaa316,Panda Lu Treehouse,"Hey, animal lovers! Enter the enchanting world of Panda Lu's Tree House, a super fun casual simulator that will warm your heart. In this game, you play as the caretaker of the adorable panda Lu. Your adventure begins by building a magnificent tree house, a cozy and vibrant home for your furry friend.",https://img.gamedistribution.com/fc3ce1599d374f1f9c9586a1fdfaa316-200x120.jpg,https://html5.gamedistribution.com/fc3ce1599d374f1f9c9586a1fdfaa316/,"Mouse click or tap to play
","['在这款刺激的Casual游戏中挑战自己', '简单直观的控制方式', '逐渐增加难度的游戏玩法']",https://html5.gamedistribution.com/fc3ce1599d374f1f9c9586a1fdfaa316/,Casual
59a47721876344f386d546a2c26a9e42,Shoot Run Monster Hunting,"Welcome to the interesting parkour world of Shoot Run: Monster Hunting! In this challenging game,you will be a brave shooter. Run, collect, fight and shoot all kinds of scary monsters, show your courage and skill! Enjoy running in a variety of scenarios, challenging speed and agility.",https://img.gamedistribution.com/59a47721876344f386d546a2c26a9e42-200x120.jpg,https://html5.gamedistribution.com/59a47721876344f386d546a2c26a9e42/,"Mouse click or tap to play
","['在这款刺激的Casual游戏中挑战自己', '简单直观的控制方式', '逐渐增加难度的游戏玩法']",https://html5.gamedistribution.com/59a47721876344f386d546a2c26a9e42/,Casual
26f7528ce46f432da71a87d5851a1649,Meme challenge.io,"""Meme Challenge.io"" is straight-up chaos.
It’s you vs. the wildest, most unhinged character names ever like Spaghetti Tualetti and Bombardino Crocodilo. Tap fast, think faster, and don’t get caught slippin’. It’s giving brain-lag.
Only real ones can vibe their way to the Wcup.
",https://img.gamedistribution.com/26f7528ce46f432da71a87d5851a1649-200x120.jpg,https://html5.gamedistribution.com/26f7528ce46f432da71a87d5851a1649/,Choose the correct answer / Use provided controls,"['在这款刺激的.IO游戏中挑战自己', '简单直观的控制方式', '逐渐增加难度的游戏玩法']",https://html5.gamedistribution.com/26f7528ce46f432da71a87d5851a1649/,.IO
678f54b0c203460b8f8916a239a28bff,Wood Block Jam,"Wood Block Jam is a vibrant, addictive puzzle game where you slide colored blocks to matching doors. 

Swipe and slide through hundreds of creatively designed levels, featuring arrow blocks, layer blocks, freeze blocks, lock blocks, and more. 

Plan your moves to overcome barriers and clear each board using the fewest moves. 

With intuitive controls, smooth animations, and mind-bending challenges from easy to extreme, Wood Block Jam delivers endless brain-teasing fun! ",https://img.gamedistribution.com/678f54b0c203460b8f8916a239a28bff-200x120.jpg,https://html5.gamedistribution.com/678f54b0c203460b8f8916a239a28bff/,"✅ Swipe & Slide – Move blocks in any direction.
? Match Colors – Guide each block to its matching exit.
? Avoid Obstacles – Navigate barriers and tricky layouts.
? Plan Your Moves – Think ahead to clear the board efficiently.","['在这款刺激的Puzzle游戏中挑战自己', '简单直观的控制方式', '逐渐增加难度的游戏玩法']",https://html5.gamedistribution.com/678f54b0c203460b8f8916a239a28bff/,Puzzle
5b0d2de3a13a4b6a81b70b6d6768aa7e,World War 2 Shooter,World War 2 Shooter is a new first person shooter where you can become a real soldier of World War 2 and fight against enemies! Defeat foes in dynamic battles and be a hero on the battlefield!,https://img.gamedistribution.com/5b0d2de3a13a4b6a81b70b6d6768aa7e-200x120.jpg,https://html5.gamedistribution.com/5b0d2de3a13a4b6a81b70b6d6768aa7e/,"Keyboard: 
WASD  
G for grenade  
H for use first aid kit  
C for squat 
M1 for aim 
M2 for shooting 
SPACE for jump 
ESC for menu 
SCROLL WHEEL for change weapon.","['在这款刺激的Shooter游戏中挑战自己', '简单直观的控制方式', '逐渐增加难度的游戏玩法']",https://html5.gamedistribution.com/5b0d2de3a13a4b6a81b70b6d6768aa7e/,Shooter
9423ba1c5c0847998ae6bbae78ba4c91,Obby Survive Parkour,"Obby Survivor Parkour is a fast-paced 3D parkour and escape game designed for players who trust their reflexes. You will test both your speed and balance skills while trying to survive in the obstacle filled course!

Each section is full of new traps and platforms that will challenge you even more. Try to survive tsunami waves, obstacle courses, lava attacks, snowball storms and red light green light game and reach the finish line.  Can you be one of the few who can reach the end of the course?",https://img.gamedistribution.com/9423ba1c5c0847998ae6bbae78ba4c91-200x120.jpg,https://html5.gamedistribution.com/9423ba1c5c0847998ae6bbae78ba4c91/,"PLAYER 1:
Movement: ""W,A,S,D""
Jump: ""SPACE""
Double Jump: ""SPACE + SPACE""
Freeze: ""Q""
Bomb: ""E""
Acceleration: ""F""

PLAYER 2:
Movement: ""ARROW KEYS""
Jump: ""J""
Double Jump: ""J + J""
Freeze: ""H""
Bomb: ""K""
Acceleration: ""L""

Touch controls will be automatically activated on mobile devices such as tablets and phones.","['在这款刺激的Adventure游戏中挑战自己', '简单直观的控制方式', '逐渐增加难度的游戏玩法']",https://html5.gamedistribution.com/9423ba1c5c0847998ae6bbae78ba4c91/,Adventure
81bde7bd26f744c5ba3aa1fa45d2d7b4,Pentaword,"Guess the hidden five-letter word in just six tries! Use logic, spelling, and word skills in this brain teaser. Can you crack the Pentaword?",https://img.gamedistribution.com/81bde7bd26f744c5ba3aa1fa45d2d7b4-200x120.jpg,https://html5.gamedistribution.com/81bde7bd26f744c5ba3aa1fa45d2d7b4/,"Your goal is to guess the hidden 5-letter word in 6 tries or less.
After each guess, the tiles will change color to show how close your guess was:

Green – Correct letter in the correct spot

Yellow – Correct letter in the wrong spot

Gray – Letter not in the word

Use your keyboard to type letters or click on the on-screen keyboard.
Press Enter to submit a guess and Backspace to delete a letter.
","['在这款刺激的Puzzle游戏中挑战自己', '简单直观的控制方式', '逐渐增加难度的游戏玩法']",https://html5.gamedistribution.com/81bde7bd26f744c5ba3aa1fa45d2d7b4/,Puzzle
505a6808388d4967a82e141f956bcc13,Zombie Shooting King,"The apocalypse is here! Hordes of zombies are swarming the streets. You are the last line of defense. Grab your gun, sharpen your shooting skills, and unleash unstoppable firepower to survive. Shoot fuel tanks, airdrops, and more to get more firepower to destroy tons of zombies. Get diamonds to upgrade your talents like Guardrail, ATK Boost, Crit Rate, or Coin earning!",https://img.gamedistribution.com/505a6808388d4967a82e141f956bcc13-200x120.jpg,https://html5.gamedistribution.com/505a6808388d4967a82e141f956bcc13/,"Mouse click or tap to play
","['在这款刺激的Adventure游戏中挑战自己', '简单直观的控制方式', '逐渐增加难度的游戏玩法']",https://html5.gamedistribution.com/505a6808388d4967a82e141f956bcc13/,Adventure
a258b00fef084b75b0f628374c0fd97e,Woody Tap Block,"Woody Tap Block is an addictive puzzle game where you have to use logical thinking to move and remove wooden blocks in the right direction. With simple yet challenging mechanics, the game offers a relaxing yet engaging experience.
Plan your moves in the correct order to clear all the blocks.
As you progress through levels, the puzzles become more challenging with new obstacles and block types to overcome.
",https://img.gamedistribution.com/a258b00fef084b75b0f628374c0fd97e-200x120.jpg,https://html5.gamedistribution.com/a258b00fef084b75b0f628374c0fd97e/,"Tap on the wooden blocks to remove them from the board — but only if they're not blocked by other pieces.
Each block can move only in the direction shown by its arrow, so think carefully before tapping!
The higher the level, the more difficult the challenge with different types of obstacles.","['在这款刺激的Puzzle游戏中挑战自己', '简单直观的控制方式', '逐渐增加难度的游戏玩法']",https://html5.gamedistribution.com/a258b00fef084b75b0f628374c0fd97e/,Puzzle
6fd73d15bf6d4d668b7fa5e5e4409761,Celebrity Aesthetic Challenge,"Celebrity Aesthetic Challenge lets you explore a range of unique celebrity-inspired styles! Compete in fun fashion challenges as you mix and match outfits, accessories, and hairstyles to recreate iconic looks. From E-girl and Soft-girl vibes to edgy streetwear and glam red carpet ensembles, showcase your creativity and win the ultimate fashion battle. Can you rise to the challenge and become the trendsetting fashion icon? Let the style showdown begin!",https://img.gamedistribution.com/6fd73d15bf6d4d668b7fa5e5e4409761-200x120.jpg,https://html5.gamedistribution.com/6fd73d15bf6d4d668b7fa5e5e4409761/,left mouse button click,"['在这款刺激的Dress-up游戏中挑战自己', '简单直观的控制方式', '逐渐增加难度的游戏玩法']",https://html5.gamedistribution.com/6fd73d15bf6d4d668b7fa5e5e4409761/,Dress-up
4ffc798ffa08450fa23ceb8935f0ae6d,Table Tennis Open,"Discover a casual, easy-to-play game for hours of endless fun. Face off against your opponent, bounce the ball as its speed increases, and aim for the highest score. Earn coins with each hit to upgrade your racket!
",https://img.gamedistribution.com/4ffc798ffa08450fa23ceb8935f0ae6d-200x120.jpg,https://html5.gamedistribution.com/4ffc798ffa08450fa23ceb8935f0ae6d/,"This classic table tennis game lets players bounce the ball to score points and earn coins for racket upgrades. As the game progresses, the ball's speed increases. Choose from 21 rackets and explore 5 unique environments, each offering its own challenges and excitement.
","['在这款刺激的Sports游戏中挑战自己', '简单直观的控制方式', '逐渐增加难度的游戏玩法']",https://html5.gamedistribution.com/4ffc798ffa08450fa23ceb8935f0ae6d/,Sports
545999659d244efc9fa2d4bb3eeb7c38,Gemstone Glam,"Welcome to the fabulous world filled with sparkling gems! Here you will meet two princess girlfriends who adore fashionable outfits and the glitter of colorful stones in fashionable outfits. Try on dresses inspired by the radiance of a diamond, the passion of a ruby, the freshness of an emerald and the mystery of an amethyst. Create shining combinations of hairstyles, dresses and accessories to transform young princesses into real fashion queens. Feel like a real stylist of the jewelry kingdom!",https://img.gamedistribution.com/545999659d244efc9fa2d4bb3eeb7c38-200x120.jpg,https://html5.gamedistribution.com/545999659d244efc9fa2d4bb3eeb7c38/,"Help two girlfriends create a fabulous look with luxurious dresses decorated with precious stones, crystals and rhinestones. You can save the most interesting images at the end of the game as PNG images. Depending on the gaming device, either a click of a computer mouse or a simple touch on touchscreens is used to control it.","['在这款刺激的Dress-up游戏中挑战自己', '简单直观的控制方式', '逐渐增加难度的游戏玩法']",https://html5.gamedistribution.com/545999659d244efc9fa2d4bb3eeb7c38/,Dress-up
a9510755f8ab4663a75f67f4f8727ab3,Rent out - Landlord Tycoon,"In this captivating world of landlord games, you'll start with a modest property portfolio and a dream to become the ultimate real estate and house tycoon. Your goal is to buy, sell, and manage properties to maximize your profits and become a successful business and house tycoon in this rent game. Whether it's residential apartments, commercial complexes, or luxurious villas, it's your chance to be rich in this rent game.
",https://img.gamedistribution.com/a9510755f8ab4663a75f67f4f8727ab3-200x120.jpg,https://html5.gamedistribution.com/a9510755f8ab4663a75f67f4f8727ab3/,"Immerse yourself in the world of real estate
Build & manage your property empire, from residential apartments to luxurious villas
Collect massive rents in this rent game
","['在这款刺激的Casual游戏中挑战自己', '简单直观的控制方式', '逐渐增加难度的游戏玩法']",https://html5.gamedistribution.com/a9510755f8ab4663a75f67f4f8727ab3/,Casual
66da87c150bf4e7c9f2abef8cdbd2f7a,Soccer Tournament,"Soccer Tournament is a fun and fast-paced tabletop-style soccer game where you control a team of caps, flicking them to pass, shoot, and score goals. Strategize your moves, outplay your opponent, and aim for victory in this exciting, skill-based challenge!",https://img.gamedistribution.com/66da87c150bf4e7c9f2abef8cdbd2f7a-200x120.jpg,https://html5.gamedistribution.com/66da87c150bf4e7c9f2abef8cdbd2f7a/,"Tap or click the cap (player) and drag to adjust the direction and shooting power.
Release to shoot.
Kick the ball into the opponent's goal to score points.","['在这款刺激的Football游戏中挑战自己', '简单直观的控制方式', '逐渐增加难度的游戏玩法']",https://html5.gamedistribution.com/66da87c150bf4e7c9f2abef8cdbd2f7a/,Football
8bd7f64edc48480f9148388a77618c8d,Color Cargo Puzzle Rush,"Color Cargo Puzzle Rush is the ultimate blend of color puzzle games, and sorting games! Dive into this stress-relieving world of ASMR games where you match delivery boxes with the right cargo buses by their colors. Perfect for fans of color sort puzzle and fun games, this game is all about strategy, speed, and precision.",https://img.gamedistribution.com/8bd7f64edc48480f9148388a77618c8d-200x120.jpg,https://html5.gamedistribution.com/8bd7f64edc48480f9148388a77618c8d/,Use mouse left button to play,"['在这款刺激的Puzzle游戏中挑战自己', '简单直观的控制方式', '逐渐增加难度的游戏玩法']",https://html5.gamedistribution.com/8bd7f64edc48480f9148388a77618c8d/,Puzzle
437114387d364ebd93b36c44045ccace,Geometrix,"Geometrix is a game about guessing the right shape. Defeat the enemies copying their shapes. When you collide with the evil shapes, if you have the same geometrical figure, you will destroy the enemy, otherwise you will lost a health point. Lost more than three points and it will be game over. Face over 40 levels, with increasing difficulty, enemies with up to 6 different geometric figures. You have to be fast and skilled to beat this game. Will you make it? If you want to know it, just try it!",https://img.gamedistribution.com/437114387d364ebd93b36c44045ccace-200x120.jpg,https://html5.gamedistribution.com/437114387d364ebd93b36c44045ccace/,Touch the buttons on screen to change shape,"['在这款刺激的Casual游戏中挑战自己', '简单直观的控制方式', '逐渐增加难度的游戏玩法']",https://html5.gamedistribution.com/437114387d364ebd93b36c44045ccace/,Casual
68981efdfbed4b80a5d39a34cc943696,High Heels Collect Run,"Ready to begin a stylish running adventure in High Heels Collect Run! In this casual game, you’ll run through various fun environments. Stepping on heels can make you feel like a queen! Everyone loves to look perfect, and these heels will make you shine like a star!",https://img.gamedistribution.com/68981efdfbed4b80a5d39a34cc943696-200x120.jpg,https://html5.gamedistribution.com/68981efdfbed4b80a5d39a34cc943696/,"Mouse click or tap to play
","['在这款刺激的Casual游戏中挑战自己', '简单直观的控制方式', '逐渐增加难度的游戏玩法']",https://html5.gamedistribution.com/68981efdfbed4b80a5d39a34cc943696/,Casual
fd4056d6ea6b419b83c05d01c74075b3,Brawl Bros Squad,"Introducing a new exciting third-person shooter — Brawl Bros Squad! Fight opponents in a variety of conditions. Discover a variety of unique skins to make yourself unique. Enjoy dynamic jumps, accurate shooting and get ready for intense battles. Become a real champion among players around the world and prove that you are the best in this crazy world!",https://img.gamedistribution.com/fd4056d6ea6b419b83c05d01c74075b3-200x120.jpg,https://html5.gamedistribution.com/fd4056d6ea6b419b83c05d01c74075b3/,"W, A, S, D - walk
Space - jump
R - reload
1, 2 - change weapons
F - weapon selection
3, 4 - grenades
P - pause

LMB - shoot, throw a grenade
Automatic shooting on a mobile device
RMB - aim on a sniper

Tab - leaderboard","['在这款刺激的Shooter游戏中挑战自己', '简单直观的控制方式', '逐渐增加难度的游戏玩法']",https://html5.gamedistribution.com/fd4056d6ea6b419b83c05d01c74075b3/,Shooter
c2c539077905410bb2114297cf24255b,Br Br Patapim: Obby Challenge,"Br Br Patapim: Obby Challenge is a wild meme-fueled obby game where you’ll jump, fall, and laugh your way through chaos! Inspired by the viral spirit of Italian Brainrot Animals of TikTok trends, this game turns parkour madness into pure comedy. Take control of the legendary Brr Brr Patapim and conquer ridiculous levels full of traps, platforms, and meme-powered surprises.",https://img.gamedistribution.com/c2c539077905410bb2114297cf24255b-200x120.jpg,https://html5.gamedistribution.com/c2c539077905410bb2114297cf24255b/,"Controls:
 W, A, S, D – Move
 Spacebar – Jump
 Shift - Run
 Mouse – Look Around","['在这款刺激的Adventure游戏中挑战自己', '简单直观的控制方式', '逐渐增加难度的游戏玩法']",https://html5.gamedistribution.com/c2c539077905410bb2114297cf24255b/,Adventure
b86afb3a591e4892b0cc0a143c0ade4c,Catch The Pig,"This is a casual elimination game. The main purpose of the game is to find three identical pigs, catch them, and collect all the pig collections!",https://img.gamedistribution.com/b86afb3a591e4892b0cc0a143c0ade4c-200x120.jpg,https://html5.gamedistribution.com/b86afb3a591e4892b0cc0a143c0ade4c/,This is a match-3 game. Find three identical items and they will be eliminated. The ultimate goal of the game is to find all the pigs!,"['在这款刺激的Casual游戏中挑战自己', '简单直观的控制方式', '逐渐增加难度的游戏玩法']",https://html5.gamedistribution.com/b86afb3a591e4892b0cc0a143c0ade4c/,Casual
c62767db6c984841a95341d73ff498b5,Pool Merge Mania,"Pool Merge Mania!

Get ready for a wildly addictive twist on classic pool mechanics!
In Pool Merge Mania, shoot balls into the arena and watch them bounce, collide, and merge into higher-level balls. 

But beware, you can only have 15 balls on the table.

Tip: Fewer balls = more control. Merge them quick to stay in the game!",https://img.gamedistribution.com/c62767db6c984841a95341d73ff498b5-200x120.jpg,https://html5.gamedistribution.com/c62767db6c984841a95341d73ff498b5/,"Shoot balls every few seconds into the game board.
Balls of the same level merge into a new, higher-level ball!
You can only have 15 balls on the table. keep it low to stay alive!
Strategic shots and smart merges are your key to survival.
","['在这款刺激的Sports游戏中挑战自己', '简单直观的控制方式', '逐渐增加难度的游戏玩法']",https://html5.gamedistribution.com/c62767db6c984841a95341d73ff498b5/,Sports
c17f75ead5b2493fa15db989e8b393ac,Ultrahero Vs Monsters Royale Battle,"Ultrahero Vs Monsters Royale Battle is an action fighting game where you, as a mighty Ultrahero. Battle against waves of evil monsters in a 3D world. Every battle is a new adventure. Feel the perfect fusion of tower defense and nervous arcade action in this game. As a hero, you must not only fight off monsters in epic battles but also use tower defense tactics to protect your base.",https://img.gamedistribution.com/c17f75ead5b2493fa15db989e8b393ac-200x120.jpg,https://html5.gamedistribution.com/c17f75ead5b2493fa15db989e8b393ac/,"Mouse click or tap to play
","['在这款刺激的Adventure游戏中挑战自己', '简单直观的控制方式', '逐渐增加难度的游戏玩法']",https://html5.gamedistribution.com/c17f75ead5b2493fa15db989e8b393ac/,Adventure
fce750f12dda4320ab5e5b638995459f,Mr. Drifter: Car Chase Simulator,"Run fast, crash hard, and cheat death — in style.

Race through a chaotic low-poly city as you dodge police, traffic, and total destruction. Use game-changing power-ups like Slow-Mo, Freeze, and EMP Blasts to escape the impossible.

Unlock wild getaway cars
⚡ Grab power-ups mid-chase
 Smash through obstacles & roadblocks
Stylized low-poly world with top-down tilt
Endless cops. Infinite chaos.

One rule: don’t stop. How long can you stay free?",https://img.gamedistribution.com/fce750f12dda4320ab5e5b638995459f-200x120.jpg,https://html5.gamedistribution.com/fce750f12dda4320ab5e5b638995459f/,"Desktop:
Move with WASD or Arrow Keys
Collect power-ups and dodge obstacles to stay alive

Touch Devices:
Use on-screen touch controls to steer","['在这款刺激的Racing & Driving游戏中挑战自己', '简单直观的控制方式', '逐渐增加难度的游戏玩法']",https://html5.gamedistribution.com/fce750f12dda4320ab5e5b638995459f/,Racing & Driving
84b087130dcf437a93254e42d2da2268,Feed me Monsters! Idle Battle,The fate of the world is in your hands. Will you rise to the challenge and become a beacon of hope in a land filled with darkness?,https://img.gamedistribution.com/84b087130dcf437a93254e42d2da2268-200x120.jpg,https://html5.gamedistribution.com/84b087130dcf437a93254e42d2da2268/,"Prepare for an epic showdown against a diverse range of enemies! From ferocious beasts that lurk in the wilderness to grotesque mutants threatening humanity, each monster poses a unique challenge. Defeating these foes not only earns you coins and XP but also unlocks new abilities to enhance your combat prowess. Are you ready to embark on this thrilling adventure? Adapt your strategy and overcome every adversary to achieve victory and restore balance to the world!","['在这款刺激的Casual游戏中挑战自己', '简单直观的控制方式', '逐渐增加难度的游戏玩法']",https://html5.gamedistribution.com/84b087130dcf437a93254e42d2da2268/,Casual
c2f867ddf04f481ea36e77ba1a98e5ff,Mini Games Relax Collection 2,"Relax and take a mini-game tour! Mini Games: Relax Collection 2 brings you a series of casual and fun mini-games, designed for you to relax in your spare time! There are various types of games,each easy to play and extremely fun, allowing you to immerse yourself easily in the game world.",https://img.gamedistribution.com/c2f867ddf04f481ea36e77ba1a98e5ff-200x120.jpg,https://html5.gamedistribution.com/c2f867ddf04f481ea36e77ba1a98e5ff/,"Mouse click or tap to play
","['在这款刺激的Casual游戏中挑战自己', '简单直观的控制方式', '逐渐增加难度的游戏玩法']",https://html5.gamedistribution.com/c2f867ddf04f481ea36e77ba1a98e5ff/,Casual
ac446b8b43bb4d09ba5202adc6385154,Noob: Saving friends,"""Noob: Saving friends"" - An adventure in an interesting and captivating world with Nubik.

Together with Nubik, you will mine and sell ores, buy new pickaxes, upgrade skills, and try to uncover all the secrets! Will you be able to challenge the dragon and earn the maximum coins? Or maybe luck from the lucky block will smile upon you?",https://img.gamedistribution.com/ac446b8b43bb4d09ba5202adc6385154-200x120.jpg,https://html5.gamedistribution.com/ac446b8b43bb4d09ba5202adc6385154/,"Your goal is to find all your friends and save them!

Complete tasks to progress through the story and unlock new opportunities.

Controls:

For Mobile:

Left joystick - Movement
Right joystick - Destroy blocks
Tap on the screen in an empty space - Place a block
For PC:

WASD/Arrow keys - Movement
Left Mouse Button - Destroy blocks
Right Mouse Button - Place a block
Hold Shift - Work with the background layer
E - Inventory
F - Open shop
Q - Drop item
ESC - Pause","['在这款刺激的Adventure游戏中挑战自己', '简单直观的控制方式', '逐渐增加难度的游戏玩法']",https://html5.gamedistribution.com/ac446b8b43bb4d09ba5202adc6385154/,Adventure
a574cc7464b646df8d7c6bf0aab8255b,Italian Brainrot Find the Differences,"In this game you have to locate the differences between the two pictures in the limited amount of time given to play each time! To play, use your mouse as control. Make sure that you don’t make a mistake more than three times because that will make you fail. One minute is the total time you will play through the 20 levels in this game! In each level you have seven differences. Good luck!",https://img.gamedistribution.com/a574cc7464b646df8d7c6bf0aab8255b-200x120.jpg,https://html5.gamedistribution.com/a574cc7464b646df8d7c6bf0aab8255b/,To find the differences use the mouse or touch the screen.,"['在这款刺激的Puzzle游戏中挑战自己', '简单直观的控制方式', '逐渐增加难度的游戏玩法']",https://html5.gamedistribution.com/a574cc7464b646df8d7c6bf0aab8255b/,Puzzle
c411ed3c0ac44ec29d91df090431df75,SuStainable,"As the watchful guardian of a prestigious museum, you're tasked with protecting the priceless artwork from eco-activists turned vandals. To succeed, you must scour the exhibition halls, gather clues, and apprehend the culprit in the act. Once apprehended, you'll conduct a tense interrogation to uncover the truth. Will you be able to find the incriminating paint bucket before the damage is done, or will the suspect's cunning and your own inexperience lead to a disastrous outcome?",https://img.gamedistribution.com/c411ed3c0ac44ec29d91df090431df75-200x120.jpg,https://html5.gamedistribution.com/c411ed3c0ac44ec29d91df090431df75/,"WASD to move
Left Click to Attack
Right Click to show hints","['在这款刺激的Puzzle游戏中挑战自己', '简单直观的控制方式', '逐渐增加难度的游戏玩法']",https://html5.gamedistribution.com/c411ed3c0ac44ec29d91df090431df75/,Puzzle
8c6bbf416a8240cea3c6c9b6f041832e,Cube Speed Dash,"Jump, dash, and survive in Cube Speed Dash, a high-speed arcade challenge where every second counts! Master lightning-fast reflexes as you guide a nimble cube through treacherous obstacle courses filled with spikes, traps, and deadly pitfalls. One wrong move—and it’s game over!",https://img.gamedistribution.com/8c6bbf416a8240cea3c6c9b6f041832e-200x120.jpg,https://html5.gamedistribution.com/8c6bbf416a8240cea3c6c9b6f041832e/,"A: Move Left
D: Move Right
Space: Jump","['在这款刺激的Casual游戏中挑战自己', '简单直观的控制方式', '逐渐增加难度的游戏玩法']",https://html5.gamedistribution.com/8c6bbf416a8240cea3c6c9b6f041832e/,Casual
9e5d9264597b405895c5d992ff781eb5,Capybara Block Shot,"Join the chillest capybara in a relaxing puzzle adventure!
Merge number blocks, unlock high scores, and vibe your way to 2048 and beyond. Simple to play, soothing to master.
Capybara Block Drop is your cozy brain break!",https://img.gamedistribution.com/9e5d9264597b405895c5d992ff781eb5-200x120.jpg,https://html5.gamedistribution.com/9e5d9264597b405895c5d992ff781eb5/,use mouse or touch to interact with in game element,"['在这款刺激的Puzzle游戏中挑战自己', '简单直观的控制方式', '逐渐增加难度的游戏玩法']",https://html5.gamedistribution.com/9e5d9264597b405895c5d992ff781eb5/,Puzzle
c94c442d85e9401381dba5c005f4ac85,High Heel Design,"Imagine you are a fashion shoemaker who produces the best high heels ever. In High Heel Design, you are in charge of fashion shoe design. Yes, what you produce is not sneakers, sandals, or boots, but high heels only! Unleash your creativity and combine elements to realize your own stunning high heels in this shoe-designing game.",https://img.gamedistribution.com/c94c442d85e9401381dba5c005f4ac85-200x120.jpg,https://html5.gamedistribution.com/c94c442d85e9401381dba5c005f4ac85/,"Mouse click or tap to play
","['在这款刺激的Casual游戏中挑战自己', '简单直观的控制方式', '逐渐增加难度的游戏玩法']",https://html5.gamedistribution.com/c94c442d85e9401381dba5c005f4ac85/,Casual
5c16552163804e5fb7733b0790377833,Car Care Repair DuDu Mechanic,"Car Care Repair DuDu Mechanic is a casual simulation game where you act as a skillful mechanic. Your clients meet diverse problems with their cars: broken windows, cracked car doors, flat tires, malfunctioning motors, lack of car parts...",https://img.gamedistribution.com/5c16552163804e5fb7733b0790377833-200x120.jpg,https://html5.gamedistribution.com/5c16552163804e5fb7733b0790377833/,"Mouse click or tap to play
","['在这款刺激的Casual游戏中挑战自己', '简单直观的控制方式', '逐渐增加难度的游戏玩法']",https://html5.gamedistribution.com/5c16552163804e5fb7733b0790377833/,Casual
4c530c26c24a4095bd5e84b8d5423b1d,U Shape Puzzle,"U Shape Puzzle is a unique and satisfying puzzle game where you tap on U-shaped blocks to slide them out — but only if the path is clear! Think before you tap, plan your moves, and remove every U block to finish the level.

With simple one-touch controls and brain-teasing logic, this game is perfect for casual players who love puzzles with a twist.",https://img.gamedistribution.com/4c530c26c24a4095bd5e84b8d5423b1d-200x120.jpg,https://html5.gamedistribution.com/4c530c26c24a4095bd5e84b8d5423b1d/,Tap to unlock,"['在这款刺激的Puzzle游戏中挑战自己', '简单直观的控制方式', '逐渐增加难度的游戏玩法']",https://html5.gamedistribution.com/4c530c26c24a4095bd5e84b8d5423b1d/,Puzzle
2f97aed1f91a4a119aba8ddd1cd7bf07,Cop Run 3d,"Cop Run 3D is an arcade-style parkour game that brings you on an exciting chase adventure! In this 3D game world, you'll play as a cop, running and jumping through the city streets. Avoid obstacles, and collect various rewards! The gameplay is simple yet fun. Use your agility to jump the fence, avoid spikes, and collect coins.",https://img.gamedistribution.com/2f97aed1f91a4a119aba8ddd1cd7bf07-200x120.jpg,https://html5.gamedistribution.com/2f97aed1f91a4a119aba8ddd1cd7bf07/,"Mouse click or tap to play
","['在这款刺激的Casual游戏中挑战自己', '简单直观的控制方式', '逐渐增加难度的游戏玩法']",https://html5.gamedistribution.com/2f97aed1f91a4a119aba8ddd1cd7bf07/,Casual
8d604276d890428eaa2459ccb8fd5119,Trading Games Playtime,"Hey there, game lovers! Get ready to embark on an exciting journey with Trading Games Playtime, the ultimate casual game that's all about relaxation and non-stop fun! This game is a magical blend of various mini-games, making it a one-stop destination for your entertainment needs. First off, it doubles as a fantastic antistress simulator.",https://img.gamedistribution.com/8d604276d890428eaa2459ccb8fd5119-200x120.jpg,https://html5.gamedistribution.com/8d604276d890428eaa2459ccb8fd5119/,"Mouse click or tap to play
","['在这款刺激的Casual游戏中挑战自己', '简单直观的控制方式', '逐渐增加难度的游戏玩法']",https://html5.gamedistribution.com/8d604276d890428eaa2459ccb8fd5119/,Casual
a9ddfe71a4624aaba548115221ff8856,Cards: Klondike Solitaire,"A classic card game known for its simple and fun mechanics. If you love solitaire games, then this game is just for you! A famous card puzzle game that is popular among players all over the world.
Perfectly relaxing!",https://img.gamedistribution.com/a9ddfe71a4624aaba548115221ff8856-200x120.jpg,https://html5.gamedistribution.com/a9ddfe71a4624aaba548115221ff8856/,"The goal of the game is to arrange all the cards into four piles in ascending order, starting with the Ace, so that cards of the same suit are in the same pile. The game ends when all cards are dealt.","['在这款刺激的Cards游戏中挑战自己', '简单直观的控制方式', '逐渐增加难度的游戏玩法']",https://html5.gamedistribution.com/a9ddfe71a4624aaba548115221ff8856/,Cards
a08dc120b3864dc19d4fc36e5bed5210,Chill Clicker,"Chill Clicker is a clicker game where you multiply the Chill Capybara population by clicking. You can buy various upgrades to increase the output of Chill Capybaras, change the weather, and unlock new skins to make you the coolest Chill Capybara in town.",https://img.gamedistribution.com/a08dc120b3864dc19d4fc36e5bed5210-200x120.jpg,https://html5.gamedistribution.com/a08dc120b3864dc19d4fc36e5bed5210/,Click to play!,"['在这款刺激的Adventure游戏中挑战自己', '简单直观的控制方式', '逐渐增加难度的游戏玩法']",https://html5.gamedistribution.com/a08dc120b3864dc19d4fc36e5bed5210/,Adventure
763004a542884fe4b20dc7d12e1ca0f9,Kitkat Puzzle,"Enter the world of Kitkat Puzzle, a captivating and intricate pin puzzle game where your strategic thinking and creativity are put to the test.

The mission is straightforward - unlock kitkat holes to make these chocolate bars fall in the correct sequence. Sounds simple, yet with unlimited levels of varying complexity, it promises an intriguing brain-teasing journey.",https://img.gamedistribution.com/763004a542884fe4b20dc7d12e1ca0f9-200x120.jpg,https://html5.gamedistribution.com/763004a542884fe4b20dc7d12e1ca0f9/,Use the mouse to remove the kitkat on the table,"['在这款刺激的Puzzle游戏中挑战自己', '简单直观的控制方式', '逐渐增加难度的游戏玩法']",https://html5.gamedistribution.com/763004a542884fe4b20dc7d12e1ca0f9/,Puzzle
d2e5b8969a24463286ba074724014336,Italian Brainrot Quiz,"Italian Brainrot Quiz is a chaotic meme-guessing game where you match bizarre names to iconic brainrot characters! From Tralalero Tralala to Bombardiro Crocodilo and Tung Tung Tung Sahur – can you guess them all? Each round is a wild ride through surreal Italian meme culture. Laugh, confuse your friends, and become the ultimate Brainrot Champion. Spaghetti logic guaranteed. Ready to play?",https://img.gamedistribution.com/d2e5b8969a24463286ba074724014336-200x120.jpg,https://html5.gamedistribution.com/d2e5b8969a24463286ba074724014336/,use mouse and play,"['在这款刺激的Quiz游戏中挑战自己', '简单直观的控制方式', '逐渐增加难度的游戏玩法']",https://html5.gamedistribution.com/d2e5b8969a24463286ba074724014336/,Quiz
5b723cee8b384026a6b978dcd019f975,Brainrot Merge Drop Puzzles,"Drop and merge Italian Brainrot. Trallallero Trallala, Tum Tum Tum Saur, Boneca Ambalabu and more. Play funny memes. Drag and drop memes.",https://img.gamedistribution.com/5b723cee8b384026a6b978dcd019f975-200x120.jpg,https://html5.gamedistribution.com/5b723cee8b384026a6b978dcd019f975/,Drag and drop memes from the top of the screen. Two identical touch merge into a new one.,"['在这款刺激的Merge游戏中挑战自己', '简单直观的控制方式', '逐渐增加难度的游戏玩法']",https://html5.gamedistribution.com/5b723cee8b384026a6b978dcd019f975/,Merge
3589a28d3b8e4ac08b304741858a3e80,Gun Rush,"Begin an action-packed gun battle runner. Gun Rush is an electrifying arcade game that combines gun merging with platform running. Run forward, avoid obstacles, collect weapons, and blast your way to the finish line with ultimate firepower. Control the direction of your gun, shooting power, ATK speed, and Range to increase its value. Increase your damage by using high-value doors.",https://img.gamedistribution.com/3589a28d3b8e4ac08b304741858a3e80-200x120.jpg,https://html5.gamedistribution.com/3589a28d3b8e4ac08b304741858a3e80/,"Mouse click or tap to play
","['在这款刺激的Casual游戏中挑战自己', '简单直观的控制方式', '逐渐增加难度的游戏玩法']",https://html5.gamedistribution.com/3589a28d3b8e4ac08b304741858a3e80/,Casual
1e58c5988fb44962a4cd120615d1ca6a,Metro Escape,On Metro escape you must search the room for items that will help you escape. Search for itens in the metro and use them to solve the puzzles. Look carefully at the various patterns around the metro and solve the riddles. Good luck to search for your way to escape!,https://img.gamedistribution.com/1e58c5988fb44962a4cd120615d1ca6a-200x120.jpg,https://html5.gamedistribution.com/1e58c5988fb44962a4cd120615d1ca6a/,Use the left mouse button to interact with the objects.,"['在这款刺激的Puzzle游戏中挑战自己', '简单直观的控制方式', '逐渐增加难度的游戏玩法']",https://html5.gamedistribution.com/1e58c5988fb44962a4cd120615d1ca6a/,Puzzle
63e8c2d0709e452f842f261a7c9f43f9,Capybara Go!,"Enter the wonderful world of Capybara. In Capybara Go, begin a strategic adventure. You'll be forming and commanding your own little Capybara army. Defeat your opponents and conquer everything through strategy and combat. Lay out your Capybara's to take advantage of each one's strengths and use strategy to defeat powerful enemies.",https://img.gamedistribution.com/63e8c2d0709e452f842f261a7c9f43f9-200x120.jpg,https://html5.gamedistribution.com/63e8c2d0709e452f842f261a7c9f43f9/,"Mouse click or tap to play
","['在这款刺激的Adventure游戏中挑战自己', '简单直观的控制方式', '逐渐增加难度的游戏玩法']",https://html5.gamedistribution.com/63e8c2d0709e452f842f261a7c9f43f9/,Adventure
cee7d55ba3c94cd3b5a7bc9f5c9be674,Idle Market Tycoon,"Grow your idle market, hire managers, and earn money even offline!
Idle Market Tycoon is a fun and addictive idle simulation game where you build and manage your own shopping empire. Start with a small stall, grow your business, hire smart managers, and upgrade every department to attract more customers and earn profits – even while you're offline!
? From fruit stands to electronic stores, expand your marketplace step by step and become the ultimate market tycoon.",https://img.gamedistribution.com/cee7d55ba3c94cd3b5a7bc9f5c9be674-200x120.jpg,https://html5.gamedistribution.com/cee7d55ba3c94cd3b5a7bc9f5c9be674/,Drag to move,"['在这款刺激的Puzzle游戏中挑战自己', '简单直观的控制方式', '逐渐增加难度的游戏玩法']",https://html5.gamedistribution.com/cee7d55ba3c94cd3b5a7bc9f5c9be674/,Puzzle
edd77cc1b64e43b28c3d6040c90a589e,Merge Fellas Online,"Enjoy the Italian Brainrot meme world in this Merge game. Immerse yourself in the Italian Brainrot world and merge identical characters to accumulate points and reach the highest score. A simple and easy mechanic, drop characters together to form higher-value ones, providing rewards with each successful merge.  Solve the puzzle and merge all the pets!
",https://img.gamedistribution.com/edd77cc1b64e43b28c3d6040c90a589e-200x120.jpg,https://html5.gamedistribution.com/edd77cc1b64e43b28c3d6040c90a589e/,"Easy to understand;
Nice and addictive gameplay;
Highscore meme game;
Awesome HD Graphics;

Use the mouse or touch to play","['在这款刺激的Merge游戏中挑战自己', '简单直观的控制方式', '逐渐增加难度的游戏玩法']",https://html5.gamedistribution.com/edd77cc1b64e43b28c3d6040c90a589e/,Merge
6db1b18f83524462ad7e5d23792552db,Geometry Vibes Monster,"Geometry Vibes Monster is a reaction-based arcade game where you must dodge incoming obstacles, spikes, and battle against a variety of unique monsters. Each monster features distinct attack patterns that you must skillfully avoid. Your main goal is to navigate your spaceship as far as possible while surviving the onslaught of attacks.",https://img.gamedistribution.com/6db1b18f83524462ad7e5d23792552db-200x120.jpg,https://html5.gamedistribution.com/6db1b18f83524462ad7e5d23792552db/,"Keep your spaceship on course and avoid hitting obstacles.
Stay alert for the specific attack patterns of each monster.
Click and hold the ""MOUSE"" or press and hold the ""SPACEBAR"" to ascend.
Release the button to dive downward.
In 2,3,4 Player race mode, ""UP ARROW"", ""SPACEBAR"" ""H"" and ""L"" are used to control.
","['在这款刺激的Adventure游戏中挑战自己', '简单直观的控制方式', '逐渐增加难度的游戏玩法']",https://html5.gamedistribution.com/6db1b18f83524462ad7e5d23792552db/,Adventure
d2469e2bac9247108bd72573893b76fe,Patterns,"Help Ellie recreate magical patterns using grass, fire, clouds, and more elements as you uncover the hidden order of each level.",https://img.gamedistribution.com/d2469e2bac9247108bd72573893b76fe-200x120.jpg,https://html5.gamedistribution.com/d2469e2bac9247108bd72573893b76fe/,"Click on a tile to place down the selected element. Click on an element icon to change the element. Click on a shape icon to change the shape. In Stretch Mode, you can stretch shapes by dragging the arrows.","['在这款刺激的Puzzle游戏中挑战自己', '简单直观的控制方式', '逐渐增加难度的游戏玩法']",https://html5.gamedistribution.com/d2469e2bac9247108bd72573893b76fe/,Puzzle
ad14e488375b4e41af52a4617f6837d0,Italian Brainrot Obby Parkour,"Italian Brainrot Obby Parkour is a wild and hilarious 2 player platforming experience that blends meme-fueled chaos with classic obby parkour mechanics. Inspired by games like Tower of Hell, this title brings the unpredictable humor of the Italian brainrot meme universe into a 3D climbing challenge.

Available characters are: 
-Tung Tung Sahur
-Brr Brr Patapim
-Burbaloni Luliloli
-Frigo Camelo
-Girafa Celestre
-Lirili Larila
-Orangutini Annaucini
-Tralalero Tralala
-Vaca Saturno Saturnita",https://img.gamedistribution.com/ad14e488375b4e41af52a4617f6837d0-200x120.jpg,https://html5.gamedistribution.com/ad14e488375b4e41af52a4617f6837d0/,"In Single Player Game mode:
Move: W,A,S,D or ARROW KEYS
Jump: SPACE
Sprint: L-SHIFT
Camera rotate: MOUSE
Zoom in/out: MOUSE SCROLL

In 2 Player Game mode:
Player 1:
Move: W,A,S,D
Jump: SPACE
Sprint: L-SHIFT

Player 2:
Move: ARROW KEYS
Jump: L
Sprint: K","['在这款刺激的Casual游戏中挑战自己', '简单直观的控制方式', '逐渐增加难度的游戏玩法']",https://html5.gamedistribution.com/ad14e488375b4e41af52a4617f6837d0/,Casual
afcd01218ad8495c847c1475566e7e10,Hyper Nurse: Hospital Games,"Get ready to navigate through the fast-paced world of healthcare, where every second counts. Your mission as a hyper nurse is to provide exceptional care to patients, manage critical situations, and ensure the smooth operation of the hospital. Get ready to put your multitasking skills to the test as you juggle multiple tasks and make crucial decisions in hyper nurse: hospital games.",https://img.gamedistribution.com/afcd01218ad8495c847c1475566e7e10-200x120.jpg,https://html5.gamedistribution.com/afcd01218ad8495c847c1475566e7e10/,Use left mouse button to make choices.,"['在这款刺激的Adventure游戏中挑战自己', '简单直观的控制方式', '逐渐增加难度的游戏玩法']",https://html5.gamedistribution.com/afcd01218ad8495c847c1475566e7e10/,Adventure
4a82c78f7515460bbc51686fa598231a,Ragdoll Bob Puzzle,"Help Bob reach his goal in Ragdoll Bob Puzzle, a quirky and fun 2D puzzle game that challenges your brain and creativity! Bob is a floppy ragdoll who needs your help to get to the endpoint while collecting as many stars as possible along the way. But here’s the twist—you can’t control Bob directly. Instead, you must guide his path by placing a limited number of blocks and objects in the right spots to create a safe and clever route.",https://img.gamedistribution.com/4a82c78f7515460bbc51686fa598231a-200x120.jpg,https://html5.gamedistribution.com/4a82c78f7515460bbc51686fa598231a/,Guide Ragdoll Bob to the endpoint by placing objects and solving clever physics puzzles!,"['在这款刺激的Puzzle游戏中挑战自己', '简单直观的控制方式', '逐渐增加难度的游戏玩法']",https://html5.gamedistribution.com/4a82c78f7515460bbc51686fa598231a/,Puzzle
d25314c77d8a4931b7d3c7a8d7ee35ea,My Pet Care Salon,"My Pet Care Salon invites you to run your very own pet spa! Groom, pamper, and style a variety of adorable pets with fun, interactive activities. From bath time and nail trimming to trendy haircuts and accessory styling, provide the best care for your furry clients. Manage your salon, meet different pets, and earn rewards as you create a welcoming environment for pets and their owners. Transform your pet care dreams into reality and become the ultimate pet stylist!",https://img.gamedistribution.com/d25314c77d8a4931b7d3c7a8d7ee35ea-200x120.jpg,https://html5.gamedistribution.com/d25314c77d8a4931b7d3c7a8d7ee35ea/,Left Mouse Button Click,"['在这款刺激的Casual游戏中挑战自己', '简单直观的控制方式', '逐渐增加难度的游戏玩法']",https://html5.gamedistribution.com/d25314c77d8a4931b7d3c7a8d7ee35ea/,Casual
0e678f2a73174718b682054a8b24ab4b,Color Block Jam,"Color Block Jam – an exciting puzzle game! Move the colored blocks, solve logic challenges, and complete levels. The game has many levels, from simple tasks to real brain teasers.",https://img.gamedistribution.com/0e678f2a73174718b682054a8b24ab4b-200x120.jpg,https://html5.gamedistribution.com/0e678f2a73174718b682054a8b24ab4b/,"In this game, your goal is to move colored blocks and place them correctly to complete each level. But it’s not as easy as it sounds – you’ll face obstacles, limited space, and tricky puzzles that require focus and a strategic approach.

Color Block Jam offers a wide range of levels with increasing difficulty. Every new challenge tests your skills: can you find the perfect solution using the fewest possible moves?","['在这款刺激的Puzzle游戏中挑战自己', '简单直观的控制方式', '逐渐增加难度的游戏玩法']",https://html5.gamedistribution.com/0e678f2a73174718b682054a8b24ab4b/,Puzzle
96d4461569d24b6dafd883f59710f03f,Match 3D Puzzle Saga,"Ready to match and collect? Solve puzzles to earn coins, unlock powerful power-ups and complete daily challenges to grab extra rewards and sweet bonuses. The more you play, the more opportunities you have to boost your score!
",https://img.gamedistribution.com/96d4461569d24b6dafd883f59710f03f-200x120.jpg,https://html5.gamedistribution.com/96d4461569d24b6dafd883f59710f03f/,"The game offers endless levels. Match objects to complete levels and move forward. Each level presents three difficulty options and four special abilities to help you tackle challenges. Daily quests and rotating events provide extra chances to earn rewards.
","['在这款刺激的Puzzle游戏中挑战自己', '简单直观的控制方式', '逐渐增加难度的游戏玩法']",https://html5.gamedistribution.com/96d4461569d24b6dafd883f59710f03f/,Puzzle
59361631a2614fc095ef2a1740e02d78,Strykon,"Strykon is a mobile FPS game with exciting missions and battles. Play different modes like Deathmatch, Team Deathmatch, and Free-for-All, where your goal is to survive.
Choose from many weapons, like pistols, rifles, shotguns, and snipers. Each gun has its own style. Enjoy great graphics, realistic sound, and easy controls. Earn rewards with the Battle Pass to keep the game interesting. Whether you complete missions or fight enemies, this shooter is full of action anytime, anywhere!",https://img.gamedistribution.com/59361631a2614fc095ef2a1740e02d78-200x120.jpg,https://html5.gamedistribution.com/59361631a2614fc095ef2a1740e02d78/,"Keyboard: WASD
G for grenade-gun
C for squat
R for reload
1 - primary weapon
2 - secondary weapon
M1 for aim
M2 for shooting
SPACE for jump
ESC or TAB for menu
SCROLL WHEEL for change weapon
SHIFT + W - run
SHIFT + W + C - slide","['在这款刺激的Shooter游戏中挑战自己', '简单直观的控制方式', '逐渐增加难度的游戏玩法']",https://html5.gamedistribution.com/59361631a2614fc095ef2a1740e02d78/,Shooter
1181e80fccb44318a69756c736bfbda7,Sort Puzzle - Nuts and Bolts,"Play Sort Puzzle - Nuts and Bolts, a free and addictive sorting game! Train your brain by stacking nuts of the same color. Simple yet challenging, it's the perfect casual game to relax and sharpen your logic skills. Play now and start sorting!",https://img.gamedistribution.com/1181e80fccb44318a69756c736bfbda7-200x120.jpg,https://html5.gamedistribution.com/1181e80fccb44318a69756c736bfbda7/,"1 step: Click/Tap on a bolt to select a nut.
2 step: Click/Tap on another bolt with the same color (or empty) to collect nuts.
Use the hints if you get stuck:
Cancel move - undoes the last step you made.
Extra bolt - opens extra space for nuts.","['在这款刺激的Puzzle游戏中挑战自己', '简单直观的控制方式', '逐渐增加难度的游戏玩法']",https://html5.gamedistribution.com/1181e80fccb44318a69756c736bfbda7/,Puzzle
25c2572b4fbc4e77ae34ebfa86070a5f,Starry Style Dorama of Dream,"Welcome to an exciting journey into the world of Korean doramas heroes! Here you can become a stylist for two aspiring young film actors: a young actress whose heart beats to the rhythm of romantic stories, and a charismatic actor whose smile can melt even the coldest hearts. You will be able to choose from a variety of outfits, accessories and hairstyles, creating unique images that emphasize the individuality of your characters.",https://img.gamedistribution.com/25c2572b4fbc4e77ae34ebfa86070a5f-200x120.jpg,https://html5.gamedistribution.com/25c2572b4fbc4e77ae34ebfa86070a5f/,"This game takes you into the world of Korean multi-part films-doramas, where you will take on the role of a stylist for a couple of aspiring actors. The most stylish images of your wards can be saved at the end of the game as PNG-images. Depending on the gaming device, either a click of a computer mouse or a simple touch on touchscreens is used to control it.","['在这款刺激的Dress-up游戏中挑战自己', '简单直观的控制方式', '逐渐增加难度的游戏玩法']",https://html5.gamedistribution.com/25c2572b4fbc4e77ae34ebfa86070a5f/,Dress-up
058a3fd0d58949be9b79e666de9ac36d,Big Block Blast,"Place triangles and blocks to build 2x2 BIG BLOCKS! Drag and drop shapes into the grid to complete full squares made of triangles. Matching colors gives you bonus points, so in Big Block Blast you must aim for smart and colorful combos!
Some blocks have special powers and can even be placed on top of others. Use them strategically to unlock new moves and clear space. Big Block Blast is a simple to play game but tricky to master! How many BIG BLOCKS can you make?
",https://img.gamedistribution.com/058a3fd0d58949be9b79e666de9ac36d-200x120.jpg,https://html5.gamedistribution.com/058a3fd0d58949be9b79e666de9ac36d/,"In Big Block Blast you must place triangles and blocks to build 2x2 BIG BLOCKS! Match colors to score higher and unlock special blocks that can stack on others. Need a boost? Get a free block that can be placed anywhere on the grid, or swap all your blocks if you’re stuck","['在这款刺激的Puzzle游戏中挑战自己', '简单直观的控制方式', '逐渐增加难度的游戏玩法']",https://html5.gamedistribution.com/058a3fd0d58949be9b79e666de9ac36d/,Puzzle
c1b8bf4a05ad4f9ea6aa3ad33aafabdc,Looper,"Looper is a joyous and melodious music game that tests your sense of rhythm and timing. Get ready to start tapping your way through a colorful universe of beats and melodies! With hundreds of unique levels, Looper is the perfect game to soothe your puzzling needs.

As you progress, the constellations become more complex, and the beats more satisfying. But be warned, mistiming a tap could lead to an epic crash and burn - so make sure to bring your A-game!",https://img.gamedistribution.com/c1b8bf4a05ad4f9ea6aa3ad33aafabdc-200x120.jpg,https://html5.gamedistribution.com/c1b8bf4a05ad4f9ea6aa3ad33aafabdc/,Use the left mouse button on desktop or touch on mobile to start the beat,"['在这款刺激的Puzzle游戏中挑战自己', '简单直观的控制方式', '逐渐增加难度的游戏玩法']",https://html5.gamedistribution.com/c1b8bf4a05ad4f9ea6aa3ad33aafabdc/,Puzzle
116e0e450a374f24877fa02ad98a2e62,Football Rush 3D,"Football Rush 3d is a fast-paced, one-touch soccer game that puts you in the boots of a solo football hero. Forget complex controls—just tap, strike, and score! Whether you’re curving shots from midfield or charging down the pitch with speed boosts, every moment is packed with action.",https://img.gamedistribution.com/116e0e450a374f24877fa02ad98a2e62-200x120.jpg,https://html5.gamedistribution.com/116e0e450a374f24877fa02ad98a2e62/,"WASD or arrow buttons to move.
Hold Left Mouse Button (LMB) to shoot.
Press Right Mouse Button(RMB) to pass.
Press LMB to tackle.
Press C to change camera angle.
Press I to disable UI.
","['在这款刺激的Football游戏中挑战自己', '简单直观的控制方式', '逐渐增加难度的游戏玩法']",https://html5.gamedistribution.com/116e0e450a374f24877fa02ad98a2e62/,Football
caaa9021c03b438db35ae532051e2e24,Delta Force Airborne,"This game offers a whole new level of graphics and sound design that completely immerses you in a realistic atmosphere of battles. 
Shoot and use tactical thinking to overcome obstacles and achieve victory together with your team. 
Explore a variety of maps, each of which is full of unique opportunities and strategic points.
Become a master of team play by coordinating with your teammates and using different character classes to create the perfect strategy.",https://img.gamedistribution.com/caaa9021c03b438db35ae532051e2e24-200x120.jpg,https://html5.gamedistribution.com/caaa9021c03b438db35ae532051e2e24/,"Keyboard: WASD
M2 - for aiming
M1 - for shooting
TAB - for counting
P - for menu
1-2 numbers - for changing weapons.

Mobile:
Controls - buttons
Automatic shooting when aiming or on the shoot button","['在这款刺激的Shooter游戏中挑战自己', '简单直观的控制方式', '逐渐增加难度的游戏玩法']",https://html5.gamedistribution.com/caaa9021c03b438db35ae532051e2e24/,Shooter
0a3fff5df1f84704bd585c30c1277338,Powerwash Simulator - 3D Wash,"There’s no stain too tough, no dirt too thick that you can’t handle. So gear up, point your washer, and get ready to bring the shine back to everything around you.",https://img.gamedistribution.com/0a3fff5df1f84704bd585c30c1277338-200x120.jpg,https://html5.gamedistribution.com/0a3fff5df1f84704bd585c30c1277338/,"Take control of your very own high-powered pressure washer and immerse yourself in the satisfying world of deep cleaning. With a variety of objects and surfaces to clean, from patios to vehicles, your task is to restore them to their former glory. The thrill of watching layers of dirt and grime vanish under the powerful spray of your pressure washer is incredibly satisfying. So, are you ready to take on the ultimate cleaning challenge?","['在这款刺激的Casual游戏中挑战自己', '简单直观的控制方式', '逐渐增加难度的游戏玩法']",https://html5.gamedistribution.com/0a3fff5df1f84704bd585c30c1277338/,Casual
5561ebaa420443249301fe90a36c4e95,Mega Ramp Car Stunts,"Get ready for the ultimate stunt-driving challenge in Mega Ramp Car Stunts! Take control of powerful cars and race down sky-high mega ramps to perform mind-blowing jumps, flips, and tricks. Defy gravity as you soar through the air and land like a pro on impossible tracks.

With dynamic gameplay, extreme stunts, and intense visuals, this is the stunt arena where only the boldest drivers survive!",https://img.gamedistribution.com/5561ebaa420443249301fe90a36c4e95-200x120.jpg,https://html5.gamedistribution.com/5561ebaa420443249301fe90a36c4e95/,WASD or Arrow Keys ,"['在这款刺激的Racing & Driving游戏中挑战自己', '简单直观的控制方式', '逐渐增加难度的游戏玩法']",https://html5.gamedistribution.com/5561ebaa420443249301fe90a36c4e95/,Racing & Driving
eb62182aede741489578928dd689e273,Clap Clap Nightmare,"Clap Clap is a short indie horror game that puts you in the shoes of a house sitter, experiencing strange occurrences in a seemingly ordinary home.",https://img.gamedistribution.com/eb62182aede741489578928dd689e273-200x120.jpg,https://html5.gamedistribution.com/eb62182aede741489578928dd689e273/,"Press K to Perform action. Use W,A,S,D for player movement.","['在这款刺激的Adventure游戏中挑战自己', '简单直观的控制方式', '逐渐增加难度的游戏玩法']",https://html5.gamedistribution.com/eb62182aede741489578928dd689e273/,Adventure
448e8a5afd0f43b6a4340b92c10adb83,Capybara Block Drop,"Capybara Block Drop is a fast-paced, brain-teasing puzzle game where merging numbers and staying calm under pressure is the key to survival.

Drop numbered blocks into columns, combine matching tiles, and clear space with big combos.
But watch out, if the board fills up, it’s game over, and your capybara buddy might just lose his cool!

With colorful visuals and satisfying number-merging mechanics, Capybara Block Drop delivers endless strategic fun wrapped in a charming, lighthearted package.",https://img.gamedistribution.com/448e8a5afd0f43b6a4340b92c10adb83-200x120.jpg,https://html5.gamedistribution.com/448e8a5afd0f43b6a4340b92c10adb83/,"- Click (or tap) a column to drop a block.
- Match blocks with the same number to merge them
- Use power-ups to clear blocks and stay in the game longer.
- Plan ahead, game over when the board is full!","['在这款刺激的Puzzle游戏中挑战自己', '简单直观的控制方式', '逐渐增加难度的游戏玩法']",https://html5.gamedistribution.com/448e8a5afd0f43b6a4340b92c10adb83/,Puzzle
d3f62b226076450db3ee3999d2111cc1,Blocks Stack Rush,"Enjoy an addictive stacking adventure. In Blocks Stack Rush, you’ll control a little block character running and begin a fun pixelated journey. Collect blocks, stack them high and race against time to build the perfect picture. You need to align each block and keep putting together the complete picture.",https://img.gamedistribution.com/d3f62b226076450db3ee3999d2111cc1-200x120.jpg,https://html5.gamedistribution.com/d3f62b226076450db3ee3999d2111cc1/,"Mouse click or tap to play
","['在这款刺激的Adventure游戏中挑战自己', '简单直观的控制方式', '逐渐增加难度的游戏玩法']",https://html5.gamedistribution.com/d3f62b226076450db3ee3999d2111cc1/,Adventure
95255a7e37364fee8761658ab51a35eb,Pops Quest,"In this story-based platformer, you'll step into the shoes of a heroic protagonist driven by an undying love for their child. Experience the perfect fusion of action and platforming as Pop's Quest takes you on a high-octane adventure. With its fast-paced gameplay levels designed, you'll be engrossed in a world that demands agility, strategy, and quick reflexes. As you progress, you'll be emotionally invested and driven to save your child from danger.",https://img.gamedistribution.com/95255a7e37364fee8761658ab51a35eb-200x120.jpg,https://html5.gamedistribution.com/95255a7e37364fee8761658ab51a35eb/,Use A / D or Left / Right Arrow Keys to move and W / Space / Up Arrow Key to Jump,"['在这款刺激的Adventure游戏中挑战自己', '简单直观的控制方式', '逐渐增加难度的游戏玩法']",https://html5.gamedistribution.com/95255a7e37364fee8761658ab51a35eb/,Adventure
4a58b4ef028242a8b33897ecbafc8648,Sticker Puzzle Book,"Step into the captivating world of Sticker Puzzle, where creativity and strategy come together in a beautifully immersive experience. Explore a vibrant sticker book filled with artistic challenges, visual storytelling, and mind-bending puzzles. Designed as a peaceful chromatic retreat, Sticker Puzzle blends the calming satisfaction of sticker art with the engaging thrill of strategic problem-solving — the perfect harmony of relaxation and mental stimulation.",https://img.gamedistribution.com/4a58b4ef028242a8b33897ecbafc8648-200x120.jpg,https://html5.gamedistribution.com/4a58b4ef028242a8b33897ecbafc8648/,"Drag and Drop Stickers
Match and place stickers onto the correct outlines in the scene. Use your creativity and keen eye to find where each sticker belongs.
Solve with Strategy
Some stickers may look similar or fit in multiple places — think carefully and solve each puzzle step by step.
Unlock New Chapters
Completing puzzles unlocks new pages filled with fresh challenges and stories.
Collect and Customize
Earn rewards and unlock special stickers to personalize your sticker book.","['在这款刺激的Puzzle游戏中挑战自己', '简单直观的控制方式', '逐渐增加难度的游戏玩法']",https://html5.gamedistribution.com/4a58b4ef028242a8b33897ecbafc8648/,Puzzle
82a43013636b44e2b7593fb73026e570,Vortex io,"Play Vortex.io for free! Swallow everything in your path and become the biggest vortex in this fast-paced io game.

Vortex.io is a competitive .io game where you control a growing vortex that can swallow objects, vehicles, and even other players. As you absorb more items, your size increases, making you more powerful in the arena. The game features smooth controls and intense gameplay, requiring quick reflexes and smart movement to survive and dominate your rivals in real time.
",https://img.gamedistribution.com/82a43013636b44e2b7593fb73026e570-200x120.jpg,https://html5.gamedistribution.com/82a43013636b44e2b7593fb73026e570/,Mouse Move / Arrow Keys / WASD – Control direction,"['在这款刺激的.IO游戏中挑战自己', '简单直观的控制方式', '逐渐增加难度的游戏玩法']",https://html5.gamedistribution.com/82a43013636b44e2b7593fb73026e570/,.IO
b0873448cc8e425893f755e7b2ba4323,My Purrfect Cat Hotel,"Welcome to My Purrfect Cat Hotel, a super cute cat hotel simulation management game. Enjoy cute and vivid cartoon cat animations. This is the vacation spot for all meow stars, and your mission is to create the most cozy cat hotel. Serving a variety of adorable cats and catering to their needs. Make your hotel the most popular animal tycoon hotel.",https://img.gamedistribution.com/b0873448cc8e425893f755e7b2ba4323-200x120.jpg,https://html5.gamedistribution.com/b0873448cc8e425893f755e7b2ba4323/,"Mouse click or tap to play
","['在这款刺激的Simulation游戏中挑战自己', '简单直观的控制方式', '逐渐增加难度的游戏玩法']",https://html5.gamedistribution.com/b0873448cc8e425893f755e7b2ba4323/,Simulation
42fb822bb06f41299d218b5262248eba,Secret Galaxy. Match-three,"""Secrets of the Galaxy"" is an exciting match-3 game where you embark on a space journey with pilot Inessa and her faithful robot A.S.K.A. Their ship is damaged, and they are stranded in the depths of the universe. To return home, you must solve engaging puzzles by matching elements and creating powerful combos. Along the way, you will face asteroids, laser traps, space distortions, and other unique obstacles.",https://img.gamedistribution.com/42fb822bb06f41299d218b5262248eba-200x120.jpg,https://html5.gamedistribution.com/42fb822bb06f41299d218b5262248eba/,"On each level, you'll face challenges like asteroids, laser traps, and space distortions. Use special bonuses, activate portals, and clear obstacles to advance. Plan your moves carefully, as some levels have time limits, while others require completing tasks in a set number of moves.","['在这款刺激的Match-3游戏中挑战自己', '简单直观的控制方式', '逐渐增加难度的游戏玩法']",https://html5.gamedistribution.com/42fb822bb06f41299d218b5262248eba/,Match-3
136dcf0ddcdd4d49ade514516ace69a3,Rope Sorting,"In the game “Rope Sorting” you are waiting for exciting puzzles, where you need to sort the ropes. Pass an infinite number of levels, collect stars, use aids, be the first!

Rollback actions - allows you to return to the previous step to take a different path.

Adding a coil - makes it easier to pass a level by adding another empty coil.",https://img.gamedistribution.com/136dcf0ddcdd4d49ade514516ace69a3-200x120.jpg,https://html5.gamedistribution.com/136dcf0ddcdd4d49ade514516ace69a3/,"The rules are simple:
- Only the top rope and only one color can be taken per turn.
- Select the desired spool, drop the ropes onto the empty spools.
- Connect and combine ropes of the same colors.
- Fill the spools.
That's it!","['在这款刺激的Puzzle游戏中挑战自己', '简单直观的控制方式', '逐渐增加难度的游戏玩法']",https://html5.gamedistribution.com/136dcf0ddcdd4d49ade514516ace69a3/,Puzzle
1f643374f2b5434bad7b3443a2ba53bb,Paint Roller,"Control two tethered spheres in this unique painting challenge. Click to anchor one sphere in place while the other swings around it on an elastic tether, leaving a dynamic paint trail. Your objective? Strategically rotate your tethered pair to completely coat all target cylinders in each level.",https://img.gamedistribution.com/1f643374f2b5434bad7b3443a2ba53bb-200x120.jpg,https://html5.gamedistribution.com/1f643374f2b5434bad7b3443a2ba53bb/,One-click controls,"['在这款刺激的Agility游戏中挑战自己', '简单直观的控制方式', '逐渐增加难度的游戏玩法']",https://html5.gamedistribution.com/1f643374f2b5434bad7b3443a2ba53bb/,Agility
6fa3476e999940758e7fb6175cdf2b87,Sprunki Torches Maze,Light up all the torches in the room to unlock the door. Some torches are linked and will toggle together when activated. Watch out for bats! Contact with them results in a game over! Your goal is to exit the house through the front yard door.,https://img.gamedistribution.com/6fa3476e999940758e7fb6175cdf2b87-200x120.jpg,https://html5.gamedistribution.com/6fa3476e999940758e7fb6175cdf2b87/,"Arrows: Move the character.
Space: Toggle torches.","['在这款刺激的Adventure游戏中挑战自己', '简单直观的控制方式', '逐渐增加难度的游戏玩法']",https://html5.gamedistribution.com/6fa3476e999940758e7fb6175cdf2b87/,Adventure
093e91aab5604ba39ac2c37530e50be8,Roller Coaster Rush,"Speed through tracks in Roller Coaster Rush! Play free and online in this thrilling coaster game.

Roller Coaster Rush is an exhilarating 3D game that puts you in control of a speeding roller coaster. Your goal is to accelerate through the tracks without crashing, performing crazy jumps and navigating steep drops. Hold to speed up and release to slow down just in time. Each level challenges your timing and precision as you rush through colorful and thrilling environments.",https://img.gamedistribution.com/093e91aab5604ba39ac2c37530e50be8-200x120.jpg,https://html5.gamedistribution.com/093e91aab5604ba39ac2c37530e50be8/,"Hold Left Mouse Button / Space – Accelerate
Release – Slow down","['在这款刺激的Casual游戏中挑战自己', '简单直观的控制方式', '逐渐增加难度的游戏玩法']",https://html5.gamedistribution.com/093e91aab5604ba39ac2c37530e50be8/,Casual
b8c3d90dea1147659b4cb410d61d971f,CraftMart,"Noob decided to go into business and open his own shop. And what do all the people of Minecraft want? That's right - to eat!

In Noob's shop you can always buy beet soup and bread! And also a lot of other food.

And now all the residents of Minecraft rushed to the best store! Help Noob to serve all the customers! No one should go hungry! :)

Build new fields for wheat and beets, get a cow and a chicken and expand the shop to the maximum assortment!",https://img.gamedistribution.com/b8c3d90dea1147659b4cb410d61d971f-200x120.jpg,https://html5.gamedistribution.com/b8c3d90dea1147659b4cb410d61d971f/,"Control Noobik with the arrows on your keyboard (or by tapping on the screen of your mobile device). Build a building, pick up products and take them to the counter. When the customer has bought everything, help him pay at the cash register.","['在这款刺激的Casual游戏中挑战自己', '简单直观的控制方式', '逐渐增加难度的游戏玩法']",https://html5.gamedistribution.com/b8c3d90dea1147659b4cb410d61d971f/,Casual
eb36fabd59bb4be5b5a44012fa259d93,Choo Choo Spider Monster Train,"Welcome to the most terrifying train ride of your life!
Cho-Cho Scary Charles: Spider Train is a chilling open-world survival horror shooter where your only lifeline is a small yellow train armed with a machine gun and a whole lot of courage.
Face off against Charles — the monstrous spider-train hybrid that haunts a remote island, preying on unsuspecting humans. No one knows where he came from, but one thing is clear — he won't stop until he's fed.",https://img.gamedistribution.com/eb36fabd59bb4be5b5a44012fa259d93-200x120.jpg,https://html5.gamedistribution.com/eb36fabd59bb4be5b5a44012fa259d93/," 1-Start Your Train
Begin your journey in your yellow survival train.
Use the map to navigate across the haunted island.
2. Upgrade Your Train
Use them to upgrade:
Speed – outrun monsters
Arror – take damage
3. Fight or Flee
When Charles attacks, use your mounted machine gun to shoot him.
Jump off the train if needed to escape or explore.","['在这款刺激的Shooter游戏中挑战自己', '简单直观的控制方式', '逐渐增加难度的游戏玩法']",https://html5.gamedistribution.com/eb36fabd59bb4be5b5a44012fa259d93/,Shooter
0bbd6518425349f8a28c6742b92915e9,Flower Collection,"Flower Collection is a poetic casual adventure game where players explore a beautiful natural world to collect various rare and beautiful flowers. The game combines exploration, collection, and light puzzle elements to bring players a peaceful and delightful gaming experience.",https://img.gamedistribution.com/0bbd6518425349f8a28c6742b92915e9-200x120.jpg,https://html5.gamedistribution.com/0bbd6518425349f8a28c6742b92915e9/,"- Players take on the role of a botanist exploring the vast natural world
- Find the growing locations of rare flowers by observing environmental clues
- Use the correct tools and methods when collecting flowers to avoid damaging plants
- Complete the flower encyclopedia to learn the stories and knowledge behind each flower","['在这款刺激的Merge游戏中挑战自己', '简单直观的控制方式', '逐渐增加难度的游戏玩法']",https://html5.gamedistribution.com/0bbd6518425349f8a28c6742b92915e9/,Merge
